<ImportExportXml xmlns:xsi="http://www.w3.org/2001/XMLSchema-instance">
  <Entities></Entities>
  <Roles></Roles>
  <Workflows></Workflows>
  <FieldSecurityProfiles></FieldSecurityProfiles>
  <Templates />
  <SiteMap>
    <SiteMap>
      <Area Id="Settings" ResourceId="Area_Settings" ShowGroups="true" Icon="/_imgs/settings_24x24.gif" DescriptionResourceId="Settings_Area_Description" ordinalvalue="4">
        <Group Id="Customizations" ResourceId="Homepage_SystemCustomization" DescriptionResourceId="Homepage_SystemCustomization" ordinalvalue="2">
          <SubArea Id="crmtools_nav_odependentpicklists" AvailableOffline="false" Url="$webresource:gps_DependentPickList.html" ordinalvalue="3" solutionaction="Added">
            <Titles>
              <Title LCID="1033" Title="Dependent Picklists" />
              <Title LCID="1036" Title="Dependent Picklists" />
            </Titles>
          </SubArea>
        </Group>
      </Area>
    </SiteMap>
  </SiteMap>
  <EntityMaps />
  <EntityRelationships />
  <OrganizationSettings />
  <optionsets />
  <WebResources>
    <WebResource>
      <WebResourceId>{05b97e63-5e63-e011-8282-00155d1e503a}</WebResourceId>
      <Name>gps_SDK.DependentOptionSet.js</Name>
      <DisplayName>SDK.DependentOptionSet.js</DisplayName>
      <WebResourceType>3</WebResourceType>
      <IsCustomizable>1</IsCustomizable>
      <CanBeDeleted>1</CanBeDeleted>
      <IsHidden>0</IsHidden>
      <FileName>/WebResources/gps_SDKDependentOptionSetjs05B97E63-5E63-E011-8282-00155D1E503A</FileName>
    </WebResource>
    <WebResource>
      <WebResourceId>{c3ddda9f-5e63-e011-8282-00155d1e503a}</WebResourceId>
      <Name>gps_RetrieveMetadata.js</Name>
      <DisplayName>RetrieveMetadata.js</DisplayName>
      <WebResourceType>3</WebResourceType>
      <IsCustomizable>1</IsCustomizable>
      <CanBeDeleted>1</CanBeDeleted>
      <IsHidden>0</IsHidden>
      <FileName>/WebResources/gps_RetrieveMetadatajsC3DDDA9F-5E63-E011-8282-00155D1E503A</FileName>
    </WebResource>
    <WebResource>
      <WebResourceId>{774715db-5e63-e011-8282-00155d1e503a}</WebResourceId>
      <Name>gps_DependentPickList.html</Name>
      <DisplayName>DependentPickList.html</DisplayName>
      <WebResourceType>1</WebResourceType>
      <IsCustomizable>1</IsCustomizable>
      <CanBeDeleted>1</CanBeDeleted>
      <IsHidden>0</IsHidden>
      <FileName>/WebResources/gps_DependentPickListhtml774715DB-5E63-E011-8282-00155D1E503A</FileName>
    </WebResource>
    <WebResource>
      <WebResourceId>{60c769f8-5e63-e011-8282-00155d1e503a}</WebResourceId>
      <Name>gps_DependentPickList.xap</Name>
      <DisplayName>Silverlight Dependent PickList</DisplayName>
      <SilverlightVersion>4.0</SilverlightVersion>
      <WebResourceType>8</WebResourceType>
      <IsCustomizable>1</IsCustomizable>
      <CanBeDeleted>1</CanBeDeleted>
      <IsHidden>0</IsHidden>
      <FileName>/WebResources/gps_DependentPickListxap60C769F8-5E63-E011-8282-00155D1E503A</FileName>
    </WebResource>
    <WebResource>
      <WebResourceId>{9121e373-b86c-e011-878c-0026558302bb}</WebResourceId>
      <Name>gps_iconlinq.png</Name>
      <DisplayName>C:\Users\remib\Desktop\temp\DependentPickLists</DisplayName>
      <WebResourceType>5</WebResourceType>
      <IsCustomizable>1</IsCustomizable>
      <CanBeDeleted>1</CanBeDeleted>
      <IsHidden>0</IsHidden>
      <FileName>/WebResources/gps_iconlinqpng9121E373-B86C-E011-878C-0026558302BB</FileName>
    </WebResource>
  </WebResources>
  <Languages>
    <Language>1036</Language>
  </Languages>
</ImportExportXml>