<ImportExportXml xmlns:xsi="http://www.w3.org/2001/XMLSchema-instance">
  <Entities></Entities>
  <Roles></Roles>
  <Workflows></Workflows>
  <FieldSecurityProfiles></FieldSecurityProfiles>
  <Templates />
  <SiteMap>
    <SiteMap>
      <Area Id="Settings" ResourceId="Area_Settings" ShowGroups="true" Icon="/_imgs/settings_24x24.gif" DescriptionResourceId="Settings_Area_Description" ordinalvalue="4">
        <Group Id="crmtools_Group" ordinalvalue="4" solutionaction="Added">
          <Titles>
            <Title LCID="1033" Title="CRM Tools" />
          </Titles>
          <SubArea Id="crmtools_nav_odataquerydesigner" Url="$webresource:crmtools_/CRM.Tools.ODataQueryDesignerPage.html" AvailableOffline="false" ordinalvalue="0">
            <Titles>
              <Title LCID="1033" Title="OData Query Designer" />
            </Titles>
          </SubArea>
        </Group>
      </Area>
    </SiteMap>
  </SiteMap>
  <EntityMaps />
  <EntityRelationships />
  <OrganizationSettings />
  <optionsets />
  <WebResources>
    <WebResource>
      <WebResourceId>{16d3590e-c29e-e011-9c71-08002768625f}</WebResourceId>
      <Name>crmtools_/CRM.Tools.ODataQueryDesigner.xap</Name>
      <DisplayName>CRM.Tools.ODataQueryDesigner.xap</DisplayName>
      <Description>CRM Tools OData Query Designer XAP</Description>
      <SilverlightVersion>4.0</SilverlightVersion>
      <WebResourceType>8</WebResourceType>
      <IsCustomizable>1</IsCustomizable>
      <CanBeDeleted>1</CanBeDeleted>
      <IsHidden>0</IsHidden>
      <FileName>/WebResources/crmtools_CRMToolsODataQueryDesignerxap16D3590E-C29E-E011-9C71-08002768625F</FileName>
    </WebResource>
    <WebResource>
      <WebResourceId>{445e5c3e-c29e-e011-9c71-08002768625f}</WebResourceId>
      <Name>crmtools_/CRM.Tools.ODataQueryDesignerPage.html</Name>
      <DisplayName>CRM Tools OData Query Designer Page html</DisplayName>
      <Description>CRM Tools OData Query Designer Page html</Description>
      <LanguageCode>1033</LanguageCode>
      <WebResourceType>1</WebResourceType>
      <IsCustomizable>1</IsCustomizable>
      <CanBeDeleted>1</CanBeDeleted>
      <IsHidden>0</IsHidden>
      <FileName>/WebResources/crmtools_CRMToolsODataQueryDesignerPagehtml445E5C3E-C29E-E011-9C71-08002768625F</FileName>
    </WebResource>
  </WebResources>
  <Languages>
    <Language>1033</Language>
  </Languages>
</ImportExportXml>