<ImportExportXml version="6.0.0000.0215" SolutionPackageVersion="6.0" languagecode="1033" generatedBy="OnPremise" xmlns:xsi="http://www.w3.org/2001/XMLSchema-instance">
  <SolutionManifest>
    <UniqueName>VerathonSolution</UniqueName>
    <LocalizedNames>
      <LocalizedName description="Verathon Solution" languagecode="1033" />
    </LocalizedNames>
    <Descriptions />
    <Version>2.0</Version>
    <Managed>0</Managed>
    <Publisher>
      <UniqueName>verathondev</UniqueName>
      <LocalizedNames>
        <LocalizedName description="Verathon Dev" languagecode="1033" />
      </LocalizedNames>
      <Descriptions />
      <EMailAddress xsi:nil="true"></EMailAddress>
      <SupportingWebsiteUrl xsi:nil="true"></SupportingWebsiteUrl>
      <CustomizationPrefix>vth</CustomizationPrefix>
      <CustomizationOptionValuePrefix>95856</CustomizationOptionValuePrefix>
      <Addresses>
        <Address>
          <AddressNumber>1</AddressNumber>
          <AddressTypeCode>1</AddressTypeCode>
          <City xsi:nil="true"></City>
          <County xsi:nil="true"></County>
          <Country xsi:nil="true"></Country>
          <Fax xsi:nil="true"></Fax>
          <FreightTermsCode xsi:nil="true"></FreightTermsCode>
          <ImportSequenceNumber xsi:nil="true"></ImportSequenceNumber>
          <Latitude xsi:nil="true"></Latitude>
          <Line1 xsi:nil="true"></Line1>
          <Line2 xsi:nil="true"></Line2>
          <Line3 xsi:nil="true"></Line3>
          <Longitude xsi:nil="true"></Longitude>
          <Name xsi:nil="true"></Name>
          <PostalCode xsi:nil="true"></PostalCode>
          <PostOfficeBox xsi:nil="true"></PostOfficeBox>
          <PrimaryContactName xsi:nil="true"></PrimaryContactName>
          <ShippingMethodCode>1</ShippingMethodCode>
          <StateOrProvince xsi:nil="true"></StateOrProvince>
          <Telephone1 xsi:nil="true"></Telephone1>
          <Telephone2 xsi:nil="true"></Telephone2>
          <Telephone3 xsi:nil="true"></Telephone3>
          <TimeZoneRuleVersionNumber xsi:nil="true"></TimeZoneRuleVersionNumber>
          <UPSZone xsi:nil="true"></UPSZone>
          <UTCOffset xsi:nil="true"></UTCOffset>
          <UTCConversionTimeZoneCode xsi:nil="true"></UTCConversionTimeZoneCode>
        </Address>
        <Address>
          <AddressNumber>2</AddressNumber>
          <AddressTypeCode>1</AddressTypeCode>
          <City xsi:nil="true"></City>
          <County xsi:nil="true"></County>
          <Country xsi:nil="true"></Country>
          <Fax xsi:nil="true"></Fax>
          <FreightTermsCode xsi:nil="true"></FreightTermsCode>
          <ImportSequenceNumber xsi:nil="true"></ImportSequenceNumber>
          <Latitude xsi:nil="true"></Latitude>
          <Line1 xsi:nil="true"></Line1>
          <Line2 xsi:nil="true"></Line2>
          <Line3 xsi:nil="true"></Line3>
          <Longitude xsi:nil="true"></Longitude>
          <Name xsi:nil="true"></Name>
          <PostalCode xsi:nil="true"></PostalCode>
          <PostOfficeBox xsi:nil="true"></PostOfficeBox>
          <PrimaryContactName xsi:nil="true"></PrimaryContactName>
          <ShippingMethodCode>1</ShippingMethodCode>
          <StateOrProvince xsi:nil="true"></StateOrProvince>
          <Telephone1 xsi:nil="true"></Telephone1>
          <Telephone2 xsi:nil="true"></Telephone2>
          <Telephone3 xsi:nil="true"></Telephone3>
          <TimeZoneRuleVersionNumber xsi:nil="true"></TimeZoneRuleVersionNumber>
          <UPSZone xsi:nil="true"></UPSZone>
          <UTCOffset xsi:nil="true"></UTCOffset>
          <UTCConversionTimeZoneCode xsi:nil="true"></UTCConversionTimeZoneCode>
        </Address>
      </Addresses>
    </Publisher>
    <RootComponents>
      <RootComponent type="1" schemaName="account" />
      <RootComponent type="1" schemaName="activitypointer" />
      <RootComponent type="1" schemaName="contact" />
      <RootComponent type="1" schemaName="incident" />
      <RootComponent type="1" schemaName="opportunity" />
      <RootComponent type="1" schemaName="quote" />
      <RootComponent type="1" schemaName="salesorder" />
      <RootComponent type="1" schemaName="systemuser" />
      <RootComponent type="1" schemaName="territory" />
      <RootComponent type="1" schemaName="vth_carrier" />
      <RootComponent type="1" schemaName="vth_competitorproduct" />
      <RootComponent type="1" schemaName="vth_customerproduct" />
      <RootComponent type="1" schemaName="vth_department" />
      <RootComponent type="1" schemaName="vth_marketsector" />
      <RootComponent type="1" schemaName="vth_orderexception" />
      <RootComponent type="1" schemaName="vth_ordertasktemplate" />
      <RootComponent type="1" schemaName="vth_tracking" />
      <RootComponent type="1" schemaName="vth_warranty" />
      <RootComponent type="9" schemaName="vth_bedcount" />
      <RootComponent type="9" schemaName="vth_carrier" />
      <RootComponent type="9" schemaName="vth_closeprobability" />
      <RootComponent type="9" schemaName="vth_companybuildingtype" />
      <RootComponent type="9" schemaName="vth_customerproductstatus" />
      <RootComponent type="9" schemaName="vth_department" />
      <RootComponent type="9" schemaName="vth_exportstatus" />
      <RootComponent type="9" schemaName="vth_fob" />
      <RootComponent type="9" schemaName="vth_forecastprobability" />
      <RootComponent type="9" schemaName="vth_freightcharges" />
      <RootComponent type="9" schemaName="vth_incidentproduct" />
      <RootComponent type="9" schemaName="vth_invoicepreferences" />
      <RootComponent type="9" schemaName="vth_jobtitle" />
      <RootComponent type="9" schemaName="vth_location" />
      <RootComponent type="9" schemaName="vth_months" />
      <RootComponent type="9" schemaName="vth_oppclosedreason" />
      <RootComponent type="9" schemaName="vth_opportunitysource" />
      <RootComponent type="9" schemaName="vth_opportunitytype" />
      <RootComponent type="9" schemaName="vth_orderdestination" />
      <RootComponent type="9" schemaName="vth_ordertype" />
      <RootComponent type="9" schemaName="vth_primaryphone" />
      <RootComponent type="9" schemaName="vth_productfamily" />
      <RootComponent type="9" schemaName="vth_shippingmethod" />
      <RootComponent type="9" schemaName="vth_source" />
      <RootComponent type="9" schemaName="vth_subtype" />
      <RootComponent type="9" schemaName="vth_taxexemptstatus" />
      <RootComponent type="9" schemaName="vth_type" />
      <RootComponent type="9" schemaName="vth_visualbusinessentity" />
      <RootComponent type="9" schemaName="vth_warrantytype" />
      <RootComponent type="61" schemaName="msdyn_/ActivityFeeds.Form.js" />
      <RootComponent type="61" schemaName="msdyn_/RecordWall.htm" />
      <RootComponent type="61" schemaName="vth_airplane" />
      <RootComponent type="61" schemaName="vth_Airplane32x32Icon" />
      <RootComponent type="61" schemaName="vth_Airplane64x48Icon" />
      <RootComponent type="61" schemaName="vth_BarcodeScanner16x16Icon" />
      <RootComponent type="61" schemaName="vth_BarcodeScanner32x32Icon" />
      <RootComponent type="61" schemaName="vth_BarcodeScanner66x48Icon" />
      <RootComponent type="61" schemaName="vth_Contracts16x16Icon" />
      <RootComponent type="61" schemaName="vth_Contracts32x32Icon" />
      <RootComponent type="61" schemaName="vth_Contracts66x48Icon" />
      <RootComponent type="61" schemaName="vth_DepartmentBranch16x16" />
      <RootComponent type="61" schemaName="vth_DepartmentBranch32x32" />
      <RootComponent type="61" schemaName="vth_DepartmentBranch66x48" />
      <RootComponent type="61" schemaName="vth_TruckBlue16x16Icon" />
      <RootComponent type="61" schemaName="vth_TruckBlue32x32Icon" />
      <RootComponent type="61" schemaName="vth_TruckBlue66x48Icon" />
    </RootComponents>
    <MissingDependencies>
      <MissingDependency>
        <Required key="0" type="1" schemaName="competitor" displayName="Competitor" solution="System" />
        <Dependent key="1" type="10" schemaName="vth_competitor_vth_competitorproduct" />
      </MissingDependency>
      <MissingDependency>
        <Required key="2" type="1" schemaName="product" displayName="Product" solution="System" />
        <Dependent key="3" type="10" schemaName="vth_product_vth_customerproduct" />
      </MissingDependency>
      <MissingDependency>
        <Required key="4" type="1" schemaName="queue" displayName="Queue" solution="System" />
        <Dependent key="5" type="10" schemaName="vth_queue_vth_ordertasktemplate" />
      </MissingDependency>
      <MissingDependency>
        <Required key="6" type="26" schemaName="Product Lookup View" displayName="Product Lookup View" parentSchemaName="product" parentDisplayName="Product" solution="System" id="{8ba625b2-6a2a-4735-bab2-0c74ae8442a4}" />
        <Dependent key="7" type="60" parentDisplayName="Customer Product" id="{8b9470cd-f967-400e-9f23-27873e836c39}" />
      </MissingDependency>
      <MissingDependency>
        <Required key="8" type="26" schemaName="Order Product Inline Edit View" displayName="Order Product Inline Edit View" parentSchemaName="salesorderdetail" parentDisplayName="Order Product" solution="System" id="{9ac6a187-5fb8-445c-914a-3b4a33c0017e}" />
        <Dependent key="9" type="60" parentDisplayName="Order" id="{d598792c-3ff0-43f3-b3e3-bbd70b99e1a5}" />
      </MissingDependency>
      <MissingDependency>
        <Required key="10" type="26" schemaName="Quote Product Inline Edit View" displayName="Quote Product Inline Edit View" parentSchemaName="quotedetail" parentDisplayName="Quote Product" solution="System" id="{cf23f371-4c2e-44df-bcef-c8971249bbe0}" />
        <Dependent key="11" type="60" parentDisplayName="Quote" id="{54076a2d-d043-4a1b-b061-4d06846371a9}" />
      </MissingDependency>
      <MissingDependency>
        <Required key="12" type="26" schemaName="Active Services" displayName="Active Services" parentSchemaName="service" parentDisplayName="Service" solution="System" id="{2bd4de5e-a7b4-4f5d-8fde-eb3b62d8e2b2}" />
        <Dependent key="13" type="60" parentDisplayName="Contact" id="{894cc46a-b0cb-4ab0-8bf6-200544e46a2d}" />
      </MissingDependency>
      <MissingDependency>
        <Required key="12" type="26" schemaName="Active Services" displayName="Active Services" parentSchemaName="service" parentDisplayName="Service" solution="System" id="{2bd4de5e-a7b4-4f5d-8fde-eb3b62d8e2b2}" />
        <Dependent key="14" type="60" parentDisplayName="Account" id="{b053a39a-041a-4356-acef-ddf00182762b}" />
      </MissingDependency>
      <MissingDependency>
        <Required key="15" type="26" schemaName="Opportunity Product Inline Edit View" displayName="Opportunity Product Inline Edit View" parentSchemaName="opportunityproduct" parentDisplayName="Opportunity Product" solution="System" id="{01010de7-749e-4fe6-8037-aca560a4fcbe}" />
        <Dependent key="16" type="60" parentDisplayName="Opportunity" id="{a2a56263-ec37-4991-a3b0-e7b37a71d818}" />
      </MissingDependency>
      <MissingDependency>
        <Required key="17" type="26" schemaName="Contract Line Lookup View" displayName="Contract Line Lookup View" parentSchemaName="contractdetail" parentDisplayName="Contract Line" solution="System" id="{55633390-078c-4a7e-b0a4-c08bc1fe61e7}" />
        <Dependent key="18" type="60" parentDisplayName="Case" id="{4a63c8d1-6c1e-48ec-9db4-3e6c7155334c}" />
      </MissingDependency>
      <MissingDependency>
        <Required key="19" type="26" schemaName="Contract Lookup View" displayName="Contract Lookup View" parentSchemaName="contract" parentDisplayName="Contract" solution="System" id="{5e32a72f-2c87-4407-b8b4-a45559229206}" />
        <Dependent key="18" type="60" parentDisplayName="Case" id="{4a63c8d1-6c1e-48ec-9db4-3e6c7155334c}" />
      </MissingDependency>
      <MissingDependency>
        <Required key="20" type="26" schemaName="Related Solutions" displayName="Related Solutions" parentSchemaName="connection" parentDisplayName="Connection" solution="System" id="{23fb1036-e41d-4d75-8aa7-27569b5b6512}" />
        <Dependent key="18" type="60" parentDisplayName="Case" id="{4a63c8d1-6c1e-48ec-9db4-3e6c7155334c}" />
      </MissingDependency>
      <MissingDependency>
        <Required key="21" type="26" schemaName="Contract Line With Allotments" displayName="Contract Line With Allotments" parentSchemaName="contractdetail" parentDisplayName="Contract Line" solution="System" id="{8fa2705c-7e4c-4c0e-b611-4593b35a4c9e}" />
        <Dependent key="22" type="60" parentDisplayName="Case" id="{f658c846-f74c-459b-b591-b97558958106}" />
      </MissingDependency>
      <MissingDependency>
        <Required key="23" type="26" schemaName="All Stakeholders" displayName="All Stakeholders" parentSchemaName="connection" parentDisplayName="Connection" solution="System" id="{4e3600fa-b9c8-49f4-b69a-51eba06d9bdf}" />
        <Dependent key="24" type="60" parentDisplayName="Opportunity" id="{a837e4a7-01b8-4f82-a475-be9abd67e667}" />
      </MissingDependency>
      <MissingDependency>
        <Required key="25" type="26" schemaName="All Competitors (summary)" displayName="All Competitors (summary)" parentSchemaName="competitor" parentDisplayName="Competitor" solution="System" id="{57bca9ac-87a0-4c28-adc8-2d0a4645f29e}" />
        <Dependent key="24" type="60" parentDisplayName="Opportunity" id="{a837e4a7-01b8-4f82-a475-be9abd67e667}" />
      </MissingDependency>
      <MissingDependency>
        <Required key="26" type="26" schemaName="All Sales Team Members" displayName="All Sales Team Members" parentSchemaName="connection" parentDisplayName="Connection" solution="System" id="{fe4bc089-8901-466c-a41b-1c1090f204d4}" />
        <Dependent key="24" type="60" parentDisplayName="Opportunity" id="{a837e4a7-01b8-4f82-a475-be9abd67e667}" />
      </MissingDependency>
      <MissingDependency>
        <Required key="15" type="26" schemaName="Opportunity Product Inline Edit View" displayName="Opportunity Product Inline Edit View" parentSchemaName="opportunityproduct" parentDisplayName="Opportunity Product" solution="System" id="{01010de7-749e-4fe6-8037-aca560a4fcbe}" />
        <Dependent key="24" type="60" parentDisplayName="Opportunity" id="{a837e4a7-01b8-4f82-a475-be9abd67e667}" />
      </MissingDependency>
      <MissingDependency>
        <Required key="27" type="61" schemaName="msdyn_/RecordWall.htm" displayName="msdyn_/RecordWall.htm" solution="ActivityFeedsCore (1.0.5.215)" />
        <Dependent key="27" type="61" schemaName="msdyn_/RecordWall.htm" displayName="msdyn_/RecordWall.htm" />
      </MissingDependency>
      <MissingDependency>
        <Required key="28" type="61" schemaName="msdyn_/ActivityFeeds.Form.js" displayName="msdyn_/ActivityFeeds.Form.js" solution="ActivityFeedsCore (1.0.5.215)" />
        <Dependent key="28" type="61" schemaName="msdyn_/ActivityFeeds.Form.js" displayName="msdyn_/ActivityFeeds.Form.js" />
      </MissingDependency>
      <MissingDependency>
        <Required key="28" type="61" schemaName="msdyn_/ActivityFeeds.Form.js" displayName="msdyn_/ActivityFeeds.Form.js" solution="ActivityFeedsCore (1.0.5.215)" />
        <Dependent key="22" type="60" parentDisplayName="Case" id="{f658c846-f74c-459b-b591-b97558958106}" />
      </MissingDependency>
      <MissingDependency>
        <Required key="28" type="61" schemaName="msdyn_/ActivityFeeds.Form.js" displayName="msdyn_/ActivityFeeds.Form.js" solution="ActivityFeedsCore (1.0.5.215)" />
        <Dependent key="29" type="60" parentDisplayName="User" id="{c0d7d7dd-afd0-4675-85fe-1cc5a48be6df}" />
      </MissingDependency>
      <MissingDependency>
        <Required key="28" type="61" schemaName="msdyn_/ActivityFeeds.Form.js" displayName="msdyn_/ActivityFeeds.Form.js" solution="ActivityFeedsCore (1.0.5.215)" />
        <Dependent key="16" type="60" parentDisplayName="Opportunity" id="{a2a56263-ec37-4991-a3b0-e7b37a71d818}" />
      </MissingDependency>
      <MissingDependency>
        <Required key="28" type="61" schemaName="msdyn_/ActivityFeeds.Form.js" displayName="msdyn_/ActivityFeeds.Form.js" solution="ActivityFeedsCore (1.0.5.215)" />
        <Dependent key="13" type="60" parentDisplayName="Contact" id="{894cc46a-b0cb-4ab0-8bf6-200544e46a2d}" />
      </MissingDependency>
      <MissingDependency>
        <Required key="28" type="61" schemaName="msdyn_/ActivityFeeds.Form.js" displayName="msdyn_/ActivityFeeds.Form.js" solution="ActivityFeedsCore (1.0.5.215)" />
        <Dependent key="14" type="60" parentDisplayName="Account" id="{b053a39a-041a-4356-acef-ddf00182762b}" />
      </MissingDependency>
      <MissingDependency>
        <Required key="27" type="61" schemaName="msdyn_/RecordWall.htm" displayName="msdyn_/RecordWall.htm" solution="ActivityFeedsCore (1.0.5.215)" />
        <Dependent key="22" type="60" parentDisplayName="Case" id="{f658c846-f74c-459b-b591-b97558958106}" />
      </MissingDependency>
      <MissingDependency>
        <Required key="27" type="61" schemaName="msdyn_/RecordWall.htm" displayName="msdyn_/RecordWall.htm" solution="ActivityFeedsCore (1.0.5.215)" />
        <Dependent key="29" type="60" parentDisplayName="User" id="{c0d7d7dd-afd0-4675-85fe-1cc5a48be6df}" />
      </MissingDependency>
      <MissingDependency>
        <Required key="27" type="61" schemaName="msdyn_/RecordWall.htm" displayName="msdyn_/RecordWall.htm" solution="ActivityFeedsCore (1.0.5.215)" />
        <Dependent key="16" type="60" parentDisplayName="Opportunity" id="{a2a56263-ec37-4991-a3b0-e7b37a71d818}" />
      </MissingDependency>
      <MissingDependency>
        <Required key="27" type="61" schemaName="msdyn_/RecordWall.htm" displayName="msdyn_/RecordWall.htm" solution="ActivityFeedsCore (1.0.5.215)" />
        <Dependent key="14" type="60" parentDisplayName="Account" id="{b053a39a-041a-4356-acef-ddf00182762b}" />
      </MissingDependency>
      <MissingDependency>
        <Required key="27" type="61" schemaName="msdyn_/RecordWall.htm" displayName="msdyn_/RecordWall.htm" solution="ActivityFeedsCore (1.0.5.215)" />
        <Dependent key="13" type="60" parentDisplayName="Contact" id="{894cc46a-b0cb-4ab0-8bf6-200544e46a2d}" />
      </MissingDependency>
    </MissingDependencies>
  </SolutionManifest>
</ImportExportXml>