<ImportExportXml version="5.0.9690.2243" minimumversion="5.0.0.0" languagecode="1033" generatedBy="OnPremise" xmlns:xsi="http://www.w3.org/2001/XMLSchema-instance">
  <SolutionManifest>
    <UniqueName>Verathon</UniqueName>
    <LocalizedNames>
      <LocalizedName description="Verathon" languagecode="1033" />
    </LocalizedNames>
    <Descriptions />
    <Version>1.0.2</Version>
    <Managed>0</Managed>
    <Publisher>
      <UniqueName>verathondev</UniqueName>
      <LocalizedNames>
        <LocalizedName description="Verathon Dev" languagecode="1033" />
      </LocalizedNames>
      <Descriptions />
      <EMailAddress xsi:nil="true"></EMailAddress>
      <SupportingWebsiteUrl xsi:nil="true"></SupportingWebsiteUrl>
      <CustomizationPrefix>vth</CustomizationPrefix>
      <CustomizationOptionValuePrefix>95856</CustomizationOptionValuePrefix>
      <Addresses>
        <Address>
          <AddressNumber>1</AddressNumber>
          <AddressTypeCode>1</AddressTypeCode>
          <City xsi:nil="true"></City>
          <County xsi:nil="true"></County>
          <Country xsi:nil="true"></Country>
          <Fax xsi:nil="true"></Fax>
          <FreightTermsCode xsi:nil="true"></FreightTermsCode>
          <ImportSequenceNumber xsi:nil="true"></ImportSequenceNumber>
          <Latitude xsi:nil="true"></Latitude>
          <Line1 xsi:nil="true"></Line1>
          <Line2 xsi:nil="true"></Line2>
          <Line3 xsi:nil="true"></Line3>
          <Longitude xsi:nil="true"></Longitude>
          <Name xsi:nil="true"></Name>
          <PostalCode xsi:nil="true"></PostalCode>
          <PostOfficeBox xsi:nil="true"></PostOfficeBox>
          <PrimaryContactName xsi:nil="true"></PrimaryContactName>
          <ShippingMethodCode>1</ShippingMethodCode>
          <StateOrProvince xsi:nil="true"></StateOrProvince>
          <Telephone1 xsi:nil="true"></Telephone1>
          <Telephone2 xsi:nil="true"></Telephone2>
          <Telephone3 xsi:nil="true"></Telephone3>
          <TimeZoneRuleVersionNumber xsi:nil="true"></TimeZoneRuleVersionNumber>
          <UPSZone xsi:nil="true"></UPSZone>
          <UTCOffset xsi:nil="true"></UTCOffset>
          <UTCConversionTimeZoneCode xsi:nil="true"></UTCConversionTimeZoneCode>
        </Address>
        <Address>
          <AddressNumber>2</AddressNumber>
          <AddressTypeCode>1</AddressTypeCode>
          <City xsi:nil="true"></City>
          <County xsi:nil="true"></County>
          <Country xsi:nil="true"></Country>
          <Fax xsi:nil="true"></Fax>
          <FreightTermsCode xsi:nil="true"></FreightTermsCode>
          <ImportSequenceNumber xsi:nil="true"></ImportSequenceNumber>
          <Latitude xsi:nil="true"></Latitude>
          <Line1 xsi:nil="true"></Line1>
          <Line2 xsi:nil="true"></Line2>
          <Line3 xsi:nil="true"></Line3>
          <Longitude xsi:nil="true"></Longitude>
          <Name xsi:nil="true"></Name>
          <PostalCode xsi:nil="true"></PostalCode>
          <PostOfficeBox xsi:nil="true"></PostOfficeBox>
          <PrimaryContactName xsi:nil="true"></PrimaryContactName>
          <ShippingMethodCode>1</ShippingMethodCode>
          <StateOrProvince xsi:nil="true"></StateOrProvince>
          <Telephone1 xsi:nil="true"></Telephone1>
          <Telephone2 xsi:nil="true"></Telephone2>
          <Telephone3 xsi:nil="true"></Telephone3>
          <TimeZoneRuleVersionNumber xsi:nil="true"></TimeZoneRuleVersionNumber>
          <UPSZone xsi:nil="true"></UPSZone>
          <UTCOffset xsi:nil="true"></UTCOffset>
          <UTCConversionTimeZoneCode xsi:nil="true"></UTCConversionTimeZoneCode>
        </Address>
      </Addresses>
    </Publisher>
    <RootComponents>
      <RootComponent type="1" schemaName="account" />
      <RootComponent type="1" schemaName="campaign" />
      <RootComponent type="1" schemaName="competitor" />
      <RootComponent type="1" schemaName="contact" />
      <RootComponent type="1" schemaName="customeraddress" />
      <RootComponent type="1" schemaName="incident" />
      <RootComponent type="1" schemaName="opportunity" />
      <RootComponent type="1" schemaName="opportunityproduct" />
      <RootComponent type="1" schemaName="pricelevel" />
      <RootComponent type="1" schemaName="product" />
      <RootComponent type="1" schemaName="productpricelevel" />
      <RootComponent type="1" schemaName="queue" />
      <RootComponent type="1" schemaName="quote" />
      <RootComponent type="1" schemaName="quotedetail" />
      <RootComponent type="1" schemaName="salesliterature" />
      <RootComponent type="1" schemaName="salesorder" />
      <RootComponent type="1" schemaName="salesorderdetail" />
      <RootComponent type="1" schemaName="systemuser" />
      <RootComponent type="1" schemaName="territory" />
      <RootComponent type="1" schemaName="uom" />
      <RootComponent type="1" schemaName="vth_clinical" />
      <RootComponent type="1" schemaName="vth_commissionrank" />
      <RootComponent type="1" schemaName="vth_corporate" />
      <RootComponent type="1" schemaName="vth_country" />
      <RootComponent type="1" schemaName="vth_customerliterature" />
      <RootComponent type="1" schemaName="vth_customerliteratureitem" />
      <RootComponent type="1" schemaName="vth_customerproduct" />
      <RootComponent type="1" schemaName="vth_department" />
      <RootComponent type="1" schemaName="vth_marketsector" />
      <RootComponent type="1" schemaName="vth_orderexception" />
      <RootComponent type="1" schemaName="vth_ordertasktemplate" />
      <RootComponent type="1" schemaName="vth_postalcode" />
      <RootComponent type="1" schemaName="vth_pricelistitemdetail" />
      <RootComponent type="1" schemaName="vth_region" />
      <RootComponent type="1" schemaName="vth_sic" />
      <RootComponent type="1" schemaName="vth_taxexemptcode" />
      <RootComponent type="1" schemaName="vth_tracking" />
      <RootComponent type="1" schemaName="vth_warranty" />
      <RootComponent type="9" schemaName="vth_bedcount" />
      <RootComponent type="9" schemaName="vth_carrier" />
      <RootComponent type="9" schemaName="vth_closeprobability" />
      <RootComponent type="9" schemaName="vth_companybuildingtype" />
      <RootComponent type="9" schemaName="vth_country" />
      <RootComponent type="9" schemaName="vth_customerproductstatus" />
      <RootComponent type="9" schemaName="vth_department" />
      <RootComponent type="9" schemaName="vth_discounttype" />
      <RootComponent type="9" schemaName="vth_exportstatus" />
      <RootComponent type="9" schemaName="vth_forecastprobability" />
      <RootComponent type="9" schemaName="vth_incidentproduct" />
      <RootComponent type="9" schemaName="vth_jobtitle" />
      <RootComponent type="9" schemaName="vth_location" />
      <RootComponent type="9" schemaName="vth_months" />
      <RootComponent type="9" schemaName="vth_opportunitysource" />
      <RootComponent type="9" schemaName="vth_opportunitytype" />
      <RootComponent type="9" schemaName="vth_orderdestination" />
      <RootComponent type="9" schemaName="vth_ordertype" />
      <RootComponent type="9" schemaName="vth_primaryphone" />
      <RootComponent type="9" schemaName="vth_productfamily" />
      <RootComponent type="9" schemaName="vth_quotediscounttype" />
      <RootComponent type="9" schemaName="vth_resolution1" />
      <RootComponent type="9" schemaName="vth_resolution2" />
      <RootComponent type="9" schemaName="vth_resolution3" />
      <RootComponent type="9" schemaName="vth_serviceaction" />
      <RootComponent type="9" schemaName="vth_serviceconclusion" />
      <RootComponent type="9" schemaName="vth_servicereasonforinitialcall" />
      <RootComponent type="9" schemaName="vth_serviceres2" />
      <RootComponent type="9" schemaName="vth_serviceres3" />
      <RootComponent type="9" schemaName="vth_servicesource" />
      <RootComponent type="9" schemaName="vth_shippingmethod" />
      <RootComponent type="9" schemaName="vth_source" />
      <RootComponent type="9" schemaName="vth_state" />
      <RootComponent type="9" schemaName="vth_subtype" />
      <RootComponent type="9" schemaName="vth_taxexemptstatus" />
      <RootComponent type="9" schemaName="vth_type" />
      <RootComponent type="9" schemaName="vth_visualbusinessentity" />
      <RootComponent type="9" schemaName="vth_warrantytype" />
      <RootComponent type="29" id="{16fbc357-d0eb-4835-b378-f967da637569}" />
      <RootComponent type="50" schemaName=":RibbonDiffXml" />
      <RootComponent type="61" schemaName="crmtools_/CRM.Tools.ODataQueryDesignerPage.html" />
      <RootComponent type="61" schemaName="gbs_/icons/gbs_icon_medium.ico" />
      <RootComponent type="61" schemaName="gbs_/icons/gbs_icon_small.gif" />
      <RootComponent type="61" schemaName="gbs_/scripts/common/gbs_formatting_helper.js" />
      <RootComponent type="61" schemaName="gbs_/scripts/common/gbs_formscripting_helper.js" />
      <RootComponent type="61" schemaName="gbs_/scripts/common/gbs_iframe_helper.js" />
      <RootComponent type="61" schemaName="gbs_/scripts/common/gbs_soap_helper.js" />
      <RootComponent type="61" schemaName="gbs_/scripts/common/gbs_tooltip_helper.js" />
      <RootComponent type="61" schemaName="gbs_/scripts/JQuery1.8" />
      <RootComponent type="61" schemaName="gbs_/scripts/JSON2" />
      <RootComponent type="61" schemaName="gbs_scripts/common/jquery.js" />
      <RootComponent type="61" schemaName="vth_/scripts/entities/account" />
      <RootComponent type="61" schemaName="vth_account_DependentOptionSetConfig" />
      <RootComponent type="61" schemaName="vth_incident_DependentOptionSetConfig.xml" />
      <RootComponent type="62" />
      <RootComponent type="91" schemaName="VerathonSolution.Plugins, Version=1.0.0.0, Culture=neutral, PublicKeyToken=8670682ec321e0e8" />
      <RootComponent type="91" schemaName="VerathonSolution.Workflow, Version=1.0.0.0, Culture=neutral, PublicKeyToken=8670682ec321e0e8" />
      <RootComponent type="92" id="{0aee47a4-ca08-e211-91bd-005056a37549}" />
      <RootComponent type="92" id="{45a316d4-2409-e211-91bd-005056a37549}" />
      <RootComponent type="92" id="{5b02f978-e604-e211-91bd-005056a37549}" />
      <RootComponent type="92" id="{68f763d1-2b04-e211-91bd-005056a37549}" />
      <RootComponent type="92" id="{73169250-1508-e211-91bd-005056a37549}" />
      <RootComponent type="92" id="{8cee1727-0c0c-e211-a38f-005056a37549}" />
      <RootComponent type="92" id="{af010196-ec6d-4113-950a-9f5e1dead535}" />
    </RootComponents>
    <MissingDependencies>
      <MissingDependency>
        <Required key="0" type="26" schemaName="Contract Line Lookup View" displayName="Contract Line Lookup View" parentSchemaName="contractdetail" parentDisplayName="Contract Line" solution="System" id="{55633390-078c-4a7e-b0a4-c08bc1fe61e7}" />
        <Dependent key="1" type="60" parentDisplayName="Service Request" id="{f658c846-f74c-459b-b591-b97558958106}" />
      </MissingDependency>
      <MissingDependency>
        <Required key="2" type="26" schemaName="Contract Lookup View" displayName="Contract Lookup View" parentSchemaName="contract" parentDisplayName="Contract" solution="System" id="{5e32a72f-2c87-4407-b8b4-a45559229206}" />
        <Dependent key="1" type="60" parentDisplayName="Service Request" id="{f658c846-f74c-459b-b591-b97558958106}" />
      </MissingDependency>
      <MissingDependency>
        <Required key="3" type="26" schemaName="Open Activities" displayName="Open Activities" parentSchemaName="activitypointer" parentDisplayName="Activity" solution="System" id="{00000000-0000-0000-00aa-000010001900}" />
        <Dependent key="4" type="60" parentDisplayName="Company" id="{b053a39a-041a-4356-acef-ddf00182762b}" />
      </MissingDependency>
      <MissingDependency>
        <Required key="5" type="26" schemaName="Active Discount Lists" displayName="Active Discount Lists" parentSchemaName="discounttype" parentDisplayName="Discount List" solution="System" id="{00000000-0000-0000-00aa-000010015100}" />
        <Dependent key="6" type="60" parentDisplayName="Price List Item" id="{f051b13e-6f52-4e3e-8d42-a3fe78a7e3a3}" />
      </MissingDependency>
      <MissingDependency>
        <Required key="3" type="26" schemaName="Open Activities" displayName="Open Activities" parentSchemaName="activitypointer" parentDisplayName="Activity" solution="System" id="{00000000-0000-0000-00aa-000010001900}" />
        <Dependent key="7" type="60" parentDisplayName="Contact" id="{894cc46a-b0cb-4ab0-8bf6-200544e46a2d}" />
      </MissingDependency>
      <MissingDependency>
        <Required key="8" type="61" schemaName="gbs_/images/AlertLogoMedium" displayName="gbs_/images/AlertLogoMedium" solution="Active" />
        <Dependent key="9" type="50" schemaName="contact:RibbonDiffXml" />
      </MissingDependency>
      <MissingDependency>
        <Required key="10" type="61" schemaName="gbs_/images/AlertLogoSmall" displayName="gbs_/images/AlertLogoSmall" solution="Active" />
        <Dependent key="9" type="50" schemaName="contact:RibbonDiffXml" />
      </MissingDependency>
      <MissingDependency>
        <Required key="11" type="61" schemaName="gbs_/scripts/gbs_CRMRestKit_Helper" displayName="gbs_/scripts/gbs_CRMRestKit_Helper" solution="Active" />
        <Dependent key="12" type="60" parentDisplayName="Order" id="{22a3f7f7-2709-4bb4-bbca-754475938d68}" />
      </MissingDependency>
      <MissingDependency>
        <Required key="13" type="61" schemaName="gbs_/scripts/JavaScriptAlert" displayName="gbs_/scripts/JavaScriptAlert" solution="Active" />
        <Dependent key="12" type="60" parentDisplayName="Order" id="{22a3f7f7-2709-4bb4-bbca-754475938d68}" />
      </MissingDependency>
      <MissingDependency>
        <Required key="14" type="61" schemaName="crmtools_/CRM.Tools.ODataQueryDesignerPage.html" displayName="crmtools_/CRM.Tools.ODataQueryDesignerPage.html" solution="CRMToolsODataQueryDesigner (1.0.0.5)" />
        <Dependent key="14" type="61" schemaName="crmtools_/CRM.Tools.ODataQueryDesignerPage.html" displayName="crmtools_/CRM.Tools.ODataQueryDesignerPage.html" />
      </MissingDependency>
      <MissingDependency>
        <Required key="13" type="61" schemaName="gbs_/scripts/JavaScriptAlert" displayName="gbs_/scripts/JavaScriptAlert" solution="Active" />
        <Dependent key="7" type="60" parentDisplayName="Contact" id="{894cc46a-b0cb-4ab0-8bf6-200544e46a2d}" />
      </MissingDependency>
      <MissingDependency>
        <Required key="11" type="61" schemaName="gbs_/scripts/gbs_CRMRestKit_Helper" displayName="gbs_/scripts/gbs_CRMRestKit_Helper" solution="Active" />
        <Dependent key="7" type="60" parentDisplayName="Contact" id="{894cc46a-b0cb-4ab0-8bf6-200544e46a2d}" />
      </MissingDependency>
      <MissingDependency>
        <Required key="13" type="61" schemaName="gbs_/scripts/JavaScriptAlert" displayName="gbs_/scripts/JavaScriptAlert" solution="Active" />
        <Dependent key="15" type="60" parentDisplayName="Opportunity" id="{a2a56263-ec37-4991-a3b0-e7b37a71d818}" />
      </MissingDependency>
      <MissingDependency>
        <Required key="11" type="61" schemaName="gbs_/scripts/gbs_CRMRestKit_Helper" displayName="gbs_/scripts/gbs_CRMRestKit_Helper" solution="Active" />
        <Dependent key="15" type="60" parentDisplayName="Opportunity" id="{a2a56263-ec37-4991-a3b0-e7b37a71d818}" />
      </MissingDependency>
      <MissingDependency>
        <Required key="16" type="61" schemaName="gps_DependentPickList.html" displayName="gps_DependentPickList.html" solution="DependentPickLists (1.0.0.0)" />
        <Dependent key="17" type="62" id="{a65822fe-1de7-e111-b5a9-005056a37549}" />
      </MissingDependency>
      <MissingDependency>
        <Required key="13" type="61" schemaName="gbs_/scripts/JavaScriptAlert" displayName="gbs_/scripts/JavaScriptAlert" solution="Active" />
        <Dependent key="18" type="50" schemaName="incident:RibbonDiffXml" />
      </MissingDependency>
      <MissingDependency>
        <Required key="14" type="61" schemaName="crmtools_/CRM.Tools.ODataQueryDesignerPage.html" displayName="crmtools_/CRM.Tools.ODataQueryDesignerPage.html" solution="CRMToolsODataQueryDesigner (1.0.0.5)" />
        <Dependent key="17" type="62" id="{a65822fe-1de7-e111-b5a9-005056a37549}" />
      </MissingDependency>
      <MissingDependency>
        <Required key="13" type="61" schemaName="gbs_/scripts/JavaScriptAlert" displayName="gbs_/scripts/JavaScriptAlert" solution="Active" />
        <Dependent key="19" type="50" schemaName="opportunity:RibbonDiffXml" />
      </MissingDependency>
      <MissingDependency>
        <Required key="20" type="61" schemaName="gps_HierarchicalRelatedEntity.html" displayName="gps_HierarchicalRelatedEntity.html" solution="SilverlightHierarchicalRelatedEntity (1.0.0.0)" />
        <Dependent key="4" type="60" parentDisplayName="Company" id="{b053a39a-041a-4356-acef-ddf00182762b}" />
      </MissingDependency>
      <MissingDependency>
        <Required key="21" type="61" schemaName="gps_SDK.DependentOptionSet.js" displayName="gps_SDK.DependentOptionSet.js" solution="DependentPickLists (1.0.0.0)" />
        <Dependent key="4" type="60" parentDisplayName="Company" id="{b053a39a-041a-4356-acef-ddf00182762b}" />
      </MissingDependency>
      <MissingDependency>
        <Required key="13" type="61" schemaName="gbs_/scripts/JavaScriptAlert" displayName="gbs_/scripts/JavaScriptAlert" solution="Active" />
        <Dependent key="4" type="60" parentDisplayName="Company" id="{b053a39a-041a-4356-acef-ddf00182762b}" />
      </MissingDependency>
      <MissingDependency>
        <Required key="11" type="61" schemaName="gbs_/scripts/gbs_CRMRestKit_Helper" displayName="gbs_/scripts/gbs_CRMRestKit_Helper" solution="Active" />
        <Dependent key="4" type="60" parentDisplayName="Company" id="{b053a39a-041a-4356-acef-ddf00182762b}" />
      </MissingDependency>
      <MissingDependency>
        <Required key="10" type="61" schemaName="gbs_/images/AlertLogoSmall" displayName="gbs_/images/AlertLogoSmall" solution="Active" />
        <Dependent key="18" type="50" schemaName="incident:RibbonDiffXml" />
      </MissingDependency>
      <MissingDependency>
        <Required key="8" type="61" schemaName="gbs_/images/AlertLogoMedium" displayName="gbs_/images/AlertLogoMedium" solution="Active" />
        <Dependent key="18" type="50" schemaName="incident:RibbonDiffXml" />
      </MissingDependency>
      <MissingDependency>
        <Required key="13" type="61" schemaName="gbs_/scripts/JavaScriptAlert" displayName="gbs_/scripts/JavaScriptAlert" solution="Active" />
        <Dependent key="9" type="50" schemaName="contact:RibbonDiffXml" />
      </MissingDependency>
      <MissingDependency>
        <Required key="8" type="61" schemaName="gbs_/images/AlertLogoMedium" displayName="gbs_/images/AlertLogoMedium" solution="Active" />
        <Dependent key="22" type="50" schemaName="account:RibbonDiffXml" />
      </MissingDependency>
      <MissingDependency>
        <Required key="10" type="61" schemaName="gbs_/images/AlertLogoSmall" displayName="gbs_/images/AlertLogoSmall" solution="Active" />
        <Dependent key="22" type="50" schemaName="account:RibbonDiffXml" />
      </MissingDependency>
      <MissingDependency>
        <Required key="13" type="61" schemaName="gbs_/scripts/JavaScriptAlert" displayName="gbs_/scripts/JavaScriptAlert" solution="Active" />
        <Dependent key="22" type="50" schemaName="account:RibbonDiffXml" />
      </MissingDependency>
      <MissingDependency>
        <Required key="8" type="61" schemaName="gbs_/images/AlertLogoMedium" displayName="gbs_/images/AlertLogoMedium" solution="Active" />
        <Dependent key="19" type="50" schemaName="opportunity:RibbonDiffXml" />
      </MissingDependency>
      <MissingDependency>
        <Required key="10" type="61" schemaName="gbs_/images/AlertLogoSmall" displayName="gbs_/images/AlertLogoSmall" solution="Active" />
        <Dependent key="19" type="50" schemaName="opportunity:RibbonDiffXml" />
      </MissingDependency>
      <MissingDependency>
        <Required key="13" type="61" schemaName="gbs_/scripts/JavaScriptAlert" displayName="gbs_/scripts/JavaScriptAlert" solution="Active" />
        <Dependent key="1" type="60" parentDisplayName="Service Request" id="{f658c846-f74c-459b-b591-b97558958106}" />
      </MissingDependency>
      <MissingDependency>
        <Required key="11" type="61" schemaName="gbs_/scripts/gbs_CRMRestKit_Helper" displayName="gbs_/scripts/gbs_CRMRestKit_Helper" solution="Active" />
        <Dependent key="1" type="60" parentDisplayName="Service Request" id="{f658c846-f74c-459b-b591-b97558958106}" />
      </MissingDependency>
      <MissingDependency>
        <Required key="21" type="61" schemaName="gps_SDK.DependentOptionSet.js" displayName="gps_SDK.DependentOptionSet.js" solution="DependentPickLists (1.0.0.0)" />
        <Dependent key="1" type="60" parentDisplayName="Service Request" id="{f658c846-f74c-459b-b591-b97558958106}" />
      </MissingDependency>
    </MissingDependencies>
  </SolutionManifest>
</ImportExportXml>