<ImportExportXml xmlns:xsi="http://www.w3.org/2001/XMLSchema-instance">
  <Entities></Entities>
  <Roles></Roles>
  <Workflows></Workflows>
  <FieldSecurityProfiles></FieldSecurityProfiles>
  <Templates />
  <EntityMaps />
  <EntityRelationships />
  <OrganizationSettings />
  <optionsets />
  <WebResources>
    <WebResource>
      <WebResourceId>{aab699c9-0c4f-e011-8f3a-18a905732a1b}</WebResourceId>
      <Name>gps_imgs/ico_account.png</Name>
      <DisplayName>ico_account.png</DisplayName>
      <Description>icon account</Description>
      <LanguageCode>1036</LanguageCode>
      <WebResourceType>5</WebResourceType>
      <IsCustomizable>1</IsCustomizable>
      <CanBeDeleted>1</CanBeDeleted>
      <IsHidden>0</IsHidden>
      <FileName>/WebResources/gps_imgsico_accountpngAAB699C9-0C4F-E011-8F3A-18A905732A1B</FileName>
    </WebResource>
    <WebResource>
      <WebResourceId>{2aa2aeee-0c4f-e011-8f3a-18a905732a1b}</WebResourceId>
      <Name>gps_imgs/ico_contact.png</Name>
      <DisplayName>ico_contact.png</DisplayName>
      <Description>icon contact</Description>
      <WebResourceType>5</WebResourceType>
      <IsCustomizable>1</IsCustomizable>
      <CanBeDeleted>1</CanBeDeleted>
      <IsHidden>0</IsHidden>
      <FileName>/WebResources/gps_imgsico_contactpng2AA2AEEE-0C4F-E011-8F3A-18A905732A1B</FileName>
    </WebResource>
    <WebResource>
      <WebResourceId>{aa6fd411-0d4f-e011-8f3a-18a905732a1b}</WebResourceId>
      <Name>gps_imgs/ico_opportunity.png</Name>
      <DisplayName>ico_opportunity.png</DisplayName>
      <Description>icon opportunity</Description>
      <WebResourceType>5</WebResourceType>
      <IsCustomizable>1</IsCustomizable>
      <CanBeDeleted>1</CanBeDeleted>
      <IsHidden>0</IsHidden>
      <FileName>/WebResources/gps_imgsico_opportunitypngAA6FD411-0D4F-E011-8F3A-18A905732A1B</FileName>
    </WebResource>
    <WebResource>
      <WebResourceId>{4ba4882e-0d4f-e011-8f3a-18a905732a1b}</WebResourceId>
      <Name>gps_imgs/ico_subaccount.png</Name>
      <DisplayName>ico_subaccount.png</DisplayName>
      <Description>icon subaccount</Description>
      <WebResourceType>5</WebResourceType>
      <IsCustomizable>1</IsCustomizable>
      <CanBeDeleted>1</CanBeDeleted>
      <IsHidden>0</IsHidden>
      <FileName>/WebResources/gps_imgsico_subaccountpng4BA4882E-0D4F-E011-8F3A-18A905732A1B</FileName>
    </WebResource>
    <WebResource>
      <WebResourceId>{33850b45-0d4f-e011-8f3a-18a905732a1b}</WebResourceId>
      <Name>gps_imgs/ico_activity.png</Name>
      <DisplayName>ico_activity.png</DisplayName>
      <Description>icon activity</Description>
      <WebResourceType>5</WebResourceType>
      <IsCustomizable>1</IsCustomizable>
      <CanBeDeleted>1</CanBeDeleted>
      <IsHidden>0</IsHidden>
      <FileName>/WebResources/gps_imgsico_activitypng33850B45-0D4F-E011-8F3A-18A905732A1B</FileName>
    </WebResource>
    <WebResource>
      <WebResourceId>{2afe0892-0d4f-e011-8f3a-18a905732a1b}</WebResourceId>
      <Name>gps_scripts/hierarchicalrelatedentity.js</Name>
      <DisplayName>hierarchicalrelatedentity.js</DisplayName>
      <WebResourceType>3</WebResourceType>
      <IsCustomizable>1</IsCustomizable>
      <CanBeDeleted>1</CanBeDeleted>
      <IsHidden>0</IsHidden>
      <FileName>/WebResources/gps_scriptshierarchicalrelatedentityjs2AFE0892-0D4F-E011-8F3A-18A905732A1B</FileName>
    </WebResource>
    <WebResource>
      <WebResourceId>{0abc1da3-0d4f-e011-8f3a-18a905732a1b}</WebResourceId>
      <Name>gps_scripts/silverlight.js</Name>
      <DisplayName>Silverlight.js</DisplayName>
      <WebResourceType>3</WebResourceType>
      <IsCustomizable>1</IsCustomizable>
      <CanBeDeleted>1</CanBeDeleted>
      <IsHidden>0</IsHidden>
      <FileName>/WebResources/gps_scriptssilverlightjs0ABC1DA3-0D4F-E011-8F3A-18A905732A1B</FileName>
    </WebResource>
    <WebResource>
      <WebResourceId>{3a9f8652-0e4f-e011-91e2-1cc1de6d3b11}</WebResourceId>
      <Name>gps_HierarchicalRelatedEntity.html</Name>
      <DisplayName>Hierarchical Related Entity (account sample).html</DisplayName>
      <WebResourceType>1</WebResourceType>
      <IsCustomizable>1</IsCustomizable>
      <CanBeDeleted>1</CanBeDeleted>
      <IsHidden>0</IsHidden>
      <FileName>/WebResources/gps_HierarchicalRelatedEntityhtml3A9F8652-0E4F-E011-91E2-1CC1DE6D3B11</FileName>
    </WebResource>
    <WebResource>
      <WebResourceId>{f2bb4d28-0f4f-e011-91e2-1cc1de6d3b11}</WebResourceId>
      <Name>gps_ClientBin/SLHierarchicalRelatedEntity.xap</Name>
      <DisplayName>SLHierarchicalRelatedEntity.xap</DisplayName>
      <SilverlightVersion>4.0</SilverlightVersion>
      <WebResourceType>8</WebResourceType>
      <IsCustomizable>1</IsCustomizable>
      <CanBeDeleted>1</CanBeDeleted>
      <IsHidden>0</IsHidden>
      <FileName>/WebResources/gps_ClientBinSLHierarchicalRelatedEntityxapF2BB4D28-0F4F-E011-91E2-1CC1DE6D3B11</FileName>
    </WebResource>
  </WebResources>
  <Languages>
    <Language>1036</Language>
  </Languages>
</ImportExportXml>